Позиция,Время,"Реальное, кВт","Сплайн, кВт","Ошибка, кВт",За 2 сигма,За 3 сигма,За 1.5 IQR
2,2010-01-01 03:00:00,163.2,153.82129872757062,-9.378701272429367,False,False,False
4,2010-01-01 03:30:00,148.7,152.51110381728807,3.8111038172880853,False,False,False
6,2010-01-01 04:00:00,161.5,158.08428600327701,-3.4157139967229853,False,False,False
8,2010-01-01 04:30:00,162.0,165.08925216960392,3.089252169603924,False,False,False
10,2010-01-01 05:00:00,159.0,162.33370531830735,3.333705318307352,False,False,False
12,2010-01-01 05:30:00,152.1,159.23842655716675,7.138426557166753,False,False,False
14,2010-01-01 06:00:00,164.4,163.63758845302567,-0.7624115469743344,False,False,False
16,2010-01-01 06:30:00,168.8,162.59871963073056,-6.201280369269455,False,False,False
18,2010-01-01 07:00:00,156.2,168.2550330240521,12.055033024052108,False,False,False
20,2010-01-01 07:30:00,165.1,161.18114827306107,-3.918851726938925,False,False,False
22,2010-01-01 08:00:00,177.3,220.8453738837037,43.54537388370369,True,True,True
24,2010-01-01 08:30:00,255.6,269.9123561921242,14.312356192124213,False,False,False
26,2010-01-01 09:00:00,255.0,259.5427013477995,4.542701347799493,False,False,False
28,2010-01-01 09:30:00,260.8,265.9668384166779,5.1668384166778765,False,False,False
30,2010-01-01 10:00:00,258.2,258.1899449854889,-0.010055014511067384,False,False,False
32,2010-01-01 10:30:00,259.4,258.9733816413663,-0.42661835863367514,False,False,False
34,2010-01-01 11:00:00,264.1,268.6040284490456,4.504028449045563,False,False,False
36,2010-01-01 11:30:00,267.1,274.0855045624512,6.985504562451183,False,False,False
38,2010-01-01 12:00:00,275.7,269.0789533011497,-6.621046698850307,False,False,False
40,2010-01-01 12:30:00,272.3,268.5861822329501,-3.7138177670499317,False,False,False
