Позиция,Время,Реальное,После прореживания,Среднее,Медиана,Три предыдущих,Лагранж,Кубический сплайн
1,2010-01-01 02:45:00,157.7,157.7,157.7,157.7,157.7,157.7,157.7
2,2010-01-01 03:00:00,163.2,,211.2,172.5,152.8,60822.23918064196,153.82129872757062
3,2010-01-01 03:15:00,151.7,151.7,151.7,151.7,151.7,151.7,151.7
4,2010-01-01 03:30:00,148.7,,211.2,172.5,154.4,-5010.050407568692,152.51110381728807
5,2010-01-01 03:45:00,155.1,155.1,155.1,155.1,155.1,155.1,155.1
6,2010-01-01 04:00:00,161.5,,211.2,172.5,154.83333333333334,937.49388402095,158.08428600327701
7,2010-01-01 04:15:00,161.5,161.5,161.5,161.5,161.5,161.5,161.5
8,2010-01-01 04:30:00,162.0,,211.2,172.5,156.1,-11.055138941506048,165.08925216960392
9,2010-01-01 04:45:00,166.0,166.0,166.0,166.0,166.0,166.0,166.0
10,2010-01-01 05:00:00,159.0,,211.2,172.5,160.86666666666667,217.71866340196993,162.33370531830735
11,2010-01-01 05:15:00,158.6,158.6,158.6,158.6,158.6,158.6,158.6
12,2010-01-01 05:30:00,152.1,,211.2,172.5,162.03333333333333,135.67912580799174,159.23842655716675
13,2010-01-01 05:45:00,162.0,162.0,162.0,162.0,162.0,162.0,162.0
14,2010-01-01 06:00:00,164.4,,211.2,172.5,162.20000000000002,176.7729948831241,163.63758845302567
15,2010-01-01 06:15:00,163.6,163.6,163.6,163.6,163.6,163.6,163.6
16,2010-01-01 06:30:00,168.8,,211.2,172.5,161.4,153.5985192361506,162.59871963073056
17,2010-01-01 06:45:00,163.7,163.7,163.7,163.7,163.7,163.7,163.7
18,2010-01-01 07:00:00,156.2,,211.2,172.5,163.1,175.00935498897292,168.2550330240521
19,2010-01-01 07:15:00,168.4,168.4,168.4,168.4,168.4,168.4,168.4
20,2010-01-01 07:30:00,165.1,,211.2,172.5,165.23333333333332,157.3402995932368,161.18114827306107
21,2010-01-01 07:45:00,172.5,172.5,172.5,172.5,172.5,172.5,172.5
22,2010-01-01 08:00:00,177.3,,211.2,172.5,168.20000000000002,219.62809528186776,220.8453738837037
23,2010-01-01 08:15:00,266.2,266.2,266.2,266.2,266.2,266.2,266.2
24,2010-01-01 08:30:00,255.6,,211.2,172.5,202.36666666666665,277.01125105384114,269.9123561921242
25,2010-01-01 08:45:00,257.3,257.3,257.3,257.3,257.3,257.3,257.3
26,2010-01-01 09:00:00,255.0,,211.2,172.5,232.0,247.15899620258577,259.5427013477995
27,2010-01-01 09:15:00,267.3,267.3,267.3,267.3,267.3,267.3,267.3
28,2010-01-01 09:30:00,260.8,,211.2,172.5,263.59999999999997,285.0927814875714,265.9668384166779
29,2010-01-01 09:45:00,260.4,260.4,260.4,260.4,260.4,260.4,260.4
30,2010-01-01 10:00:00,258.2,,211.2,172.5,261.6666666666667,224.54537294343896,258.1899449854889
31,2010-01-01 10:15:00,258.4,258.4,258.4,258.4,258.4,258.4,258.4
32,2010-01-01 10:30:00,259.4,,211.2,172.5,262.03333333333336,334.50182543604006,258.9733816413663
33,2010-01-01 10:45:00,261.9,261.9,261.9,261.9,261.9,261.9,261.9
34,2010-01-01 11:00:00,264.1,,211.2,172.5,260.2333333333333,40.38993135190082,268.6040284490456
35,2010-01-01 11:15:00,274.2,274.2,274.2,274.2,274.2,274.2,274.2
36,2010-01-01 11:30:00,267.1,,211.2,172.5,264.8333333333333,1241.4531882824845,274.0855045624512
37,2010-01-01 11:45:00,271.1,271.1,271.1,271.1,271.1,271.1,271.1
38,2010-01-01 12:00:00,275.7,,211.2,172.5,269.06666666666666,-5944.351743566901,269.0789533011497
39,2010-01-01 12:15:00,268.4,268.4,268.4,268.4,268.4,268.4,268.4
40,2010-01-01 12:30:00,272.3,,211.2,172.5,271.2333333333333,71684.47651154506,268.5861822329501
41,2010-01-01 12:45:00,269.2,269.2,269.2,269.2,269.2,269.2,269.2
